name,price_(USD),stock,Sold,date_status
Nintendo Wii Video Game System RVL-001 Console 2-REMOTE Bundle NEW ACCESSORIES,123.45,170,2441,2025-02-26
Retro Handheld RANDOM COLOR Video Game Console Linux System 3.5 Inch IPS Screen,40.25,8,0,2025-02-26
Retro Game Mini Game Anniversary Edition Entertainment System 621 Games HDMI Out,18.99,6,0,2025-02-26
Nintendo DS Lite Authentic DSL Console Handheld + Charger *Choose Your Color*,9.99,10,4025,2025-02-26
4K HDMI TV Game Stick Built-in 64GB 30000+ Video Games Console Wireless Gamepad,20.89,3,45,2025-02-26
Sony PSP Go PSP-1001 PlayStation Portable - Black,0.0,3,45,2025-02-26
R36S Retro Handheld Video Game Console Linux System 3.5 Inch IPS Screen White,42.99,4,79,2025-02-26
Video Game Console Retro 30000+ Games TV Stick 128G 4K HDMI 2Wireless Controller,35.05,10,198,2025-02-26
4K 64G HDMI TV Video Game Stick M15 Gaming Console Gamepad 2 Wireless Controller,23.89,10,0,2025-02-26
Sony PlayStation2 PS2 black SCPH-30000 Console controller Cable Working NTSC-J,79.83,10,1637,2025-02-26
Sony PSP 3000 PSP 1000 System Bundle w/ 64gb & QUALITY Battery & Charger,95.0,4,5205,2025-02-26
Nintendo NES System Console Choose Your Super Mario Game Bundle New 72 Pin,11.99,5,2486,2025-02-26
Sony PlayStation PSP 3000 | New Shell | Charger + Battery | Region Free | Box,179.99,4,353,2025-02-26
Sony Playstation PS5 Console Fortnite Cobalt Star Digital Edition,379.0,5,108,2025-02-26
Nintendo DS Lite With Charger and Stylus Choose Color FULLY WORKING REGION FREE!,97.0,2,2243,2025-02-26
Nintendo GameCube Console NGC Console Various Colors + Controller + Wires Bundle,131.99,3,1201,2025-02-26
4K Retro Game Console Plug&Play 20000+ Video Game Stick+2x Wireless Controllers,21.77,10,0,2025-02-26
Nintendo NES Classic Edition Mini Console USA New Unopened w 30 games US Stock,77.97,7,174,2025-02-26
R36S Retro Handheld Video Game Console Linux System 3.5 Inch IPS Screen Purple,42.99,5,86,2025-02-26
BLACK Sony PSP 1000 System w/ Charger & 64gb Memory Card Bundle TESTED Import,95.0,10,2284,2025-02-26
Sony PSP-3000 Select Color w/Charger + new battery + random 3 games excellent,135.0,3,745,2025-02-26
Nintendo 3DS / 3DS XL LL Region Free Console Used RANK A/B,124.99,9,2797,2025-02-26
Sony PlayStation 4 Slim 500GB Home Console - Black,100.0,9,2797,2025-02-26
Nintendo DS Lite Handheld Console - Enamel Navy,49.99,9,2797,2025-02-26
"SONY PS2 PlayStation2 Fat Console Select Model ""Only Read Japanese Games""",15.0,3,222,2025-02-26
"ANBERNIC RG35XXSP Handheld Retro Game Console 3.5"" IPS Screen 64G 5K+Games Gifts",74.99,10,0,2025-02-26
Mini Handheld Retro Game Console Built-in 500 Classic Games Video  Player Gift,9.02,10,0,2025-02-26
Sony PlayStation PSP 1000/2000/3000 Console with Charger/New Battery Region Free,119.99,2,3798,2025-02-26
Super Nintendo Entertainment System Orig SNES Console SNS-001 Video Game Bundle,185.25,0,446,2025-02-26
OEM Sony PS2 SLIM Video Game System Gaming Bundle Console Set Playstation-2 Mini,189.95,7,164,2025-02-26
M15 Video Game Console 30000+ Games TV Stick 64GB HDMI 2 Wireless Controller,20.99,10,0,2025-02-26
New R36S Handheld Game Console Retro Games- ArkOS 2.0 - 64GB 128GB 256GB - Black,14.99,7,0,2025-02-26
Mini Game Entertainment System Mini Console 620 Built In Games-for birthday gift,18.99,289,0,2025-02-26
4K HDMI TV 40000+ Video Game Stick Retro Gaming Console w/ 2 Wireless Controller,33.99,112,0,2025-02-26
anbernic rg35xxsp,49.0,10,0,2025-02-26
R36S Retro Handheld Video Game Console Linux System 3.5 Inch IPS Screen Red,42.99,5,125,2025-02-26
Nintendo Wii Video Game System 2 REMOTE Bundle BLACK Console + NEW ACCESSORIES,132.05,112,459,2025-02-26
Microsoft XBox 360 E System BLACK Video Game Console 250GB Wireless Bundle 360E,189.95,30,549,2025-02-26
Nintendo Switch 32GB Handheld Console - Neon Red/Neon Blue,160.0,30,549,2025-02-26
Sony PlayStation Classic Gray Console (3003868),61.99,30,549,2025-02-26
Nintendo DS Original NTR-001 Console w/ Charger Choose Color Tested Works FromUS,6.99,10,829,2025-02-26
"Nintendo DS with USB charger, case and 9 games",0.0,10,829,2025-02-26
Nintendo DS Lite + Charger | Pick Color | Tested Working | Authentic | US Seller,89.99,5,11055,2025-02-26
Game Entertainment System Mini Console 620 Built In Games fit for Christmas gift,18.99,291,0,2025-02-26
powkiddy x55 handheld retro gaming console 128gb,87.99,17,0,2025-02-26
Gift Mini Handheld Retro Game Console Built-in 500 Classic Games Video Game,6.64,10,0,2025-02-26
"Sony PSP 1000, 2000, or 3000 Console (Choose Color) 32GB & Charger - USA Seller",92.0,2,2087,2025-02-26
Super Nintendo Classic Mini Entertainment System SNES Included 21 Games 1SET US,84.85,10,0,2025-02-26
Sega Genesis Retro Console Console 208 Games Included Retro Console 16 Bit Games,49.99,10,1156,2025-02-26
Built-in 64GB 40000+ Video Games 4K HDMI TV Game Stick Console Wireless Gamepad,29.57,10,0,2025-02-26
Built-in 500+ Classic Games Handheld Retro Video Game Console Gift US,6.64,10,0,2025-02-26
SONY PS Vita PCH-2000 Console Wi-Fi Slim Various Color Tested [Very Good],144.99,2,1226,2025-02-26
X2 Game Stick Retro Game Console 4K HD 2.4G Wireless Controller 128G 41000 Games,35.99,7,48,2025-02-26
Microsoft XBox 360 S Slim 250GB Black Video Game Console System 360S Bundle,180.45,0,696,2025-02-26
